<component name="ProjectRunConfigurationManager">
  <configuration default="false" name="gower" type="GoApplicationRunConfiguration" factoryName="Go Application">
    <module name="gower" />
    <working_directory value="$PROJECT_DIR$" />
    <parameters value="run" />
    <kind value="PACKAGE" />
    <package value="gitee.com/falling-ts/gower" />
    <directory value="$PROJECT_DIR$/src/gower" />
    <filePath value="$PROJECT_DIR$/../gower-work|$PROJECT_DIR$/src/gower/main.go" />
    <method v="2" />
  </configuration>
</component>