{"apps":{"http":{"servers":{"srv0":{"listen":[":443"],"routes":[{"handle":[{"handler":"subroute","routes":[{"handle":[{"handler":"vars","root":"/public"}]},{"group":"group3","handle":[{"handler":"subroute","routes":[{"handle":[{"handler":"file_server","hide":["/etc/caddy/Caddyfile"]}]}]}],"match":[{"path":["/static/*"]}]},{"group":"group3","handle":[{"handler":"subroute","routes":[{"handle":[{"handler":"file_server","hide":["/etc/caddy/Caddyfile"]}]}]}],"match":[{"path":["/upload/*"]}]},{"group":"group3","handle":[{"handler":"subroute","routes":[{"handle":[{"handler":"reverse_proxy","upstreams":[{"dial":"gower:8080"}]}]}]}]}]}],"match":[{"host":["localhost","www.github.com"]}],"terminal":true}]},"srv1":{"listen":[":80"],"routes":[{"handle":[{"handler":"subroute","routes":[{"handle":[{"handler":"vars","root":"/public"}]},{"group":"group5","handle":[{"handler":"subroute","routes":[{"handle":[{"handler":"file_server","hide":["/etc/caddy/Caddyfile"]}]}]}],"match":[{"path":["/static/*"]}]},{"group":"group5","handle":[{"handler":"subroute","routes":[{"handle":[{"handler":"file_server","hide":["/etc/caddy/Caddyfile"]}]}]}],"match":[{"path":["/upload/*"]}]},{"group":"group5","handle":[{"handler":"subroute","routes":[{"handle":[{"handler":"reverse_proxy","upstreams":[{"dial":"gower:8080"}]}]}]}]}]}],"match":[{"host":["101.42.250.212"]}],"terminal":true}]}}},"tls":{"automation":{"policies":[{"issuers":[{"module":"internal"}],"subjects":["localhost","www.github.com"]}]}}}}