{"version":"v1.0.0","components":{"icon":{"name":"icon","text":"","color":"#7be228","fontFamily":"\"Font Awesome 6 Brands\"","fontWeight":"400","fontSize":75,"letterSpacing":0},"main":{"name":"main","text":"o","color":"#2e96e5","fontFamily":"Faster One","fontWeight":"bold","fontSize":85,"letterSpacing":0},"accent":{"name":"accent","text":"wer","color":"#e57d2e","fontFamily":"Lobster","fontWeight":"bold","fontSize":100,"letterSpacing":0}},"global":{"offset":{"size":5,"color":"#844343"},"layout":"HORIZONTAL","shapes":false}}