{
	"status": "valid",
	"contact": [
		"mailto:caddy@zerossl.com"
	],
	"termsOfServiceAgreed": true,
	"externalAccountBinding": {
		"protected": "eyJhbGciOiJIUzI1NiIsImtpZCI6ImZRa0hTblowRW1fVG9GT2lGQkZkc3ciLCJ1cmwiOiJodHRwczovL2FjbWUuemVyb3NzbC5jb20vdjIvRFY5MC9uZXdBY2NvdW50In0",
		"payload": "eyJjcnYiOiJQLTI1NiIsImt0eSI6IkVDIiwieCI6ImpRVlM2Z0NmWGlacERWZ2NkTjJWUmZFbVJ2YUtHR2RKa0FCR3lacERJZVUiLCJ5IjoiY1FWWjE3c2VRNThncFlGMVhaaG9KNnpIMzZVdXViWmk5aWVjdElRVDhyZyJ9",
		"signature": "kbMmgkwRDuFCrQTjZPYMbQt5-cepNTQ6ko7mXOPKagY"
	},
	"orders": "https://acme.zerossl.com/v2/DV90/account/fQkHSnZ0Em_ToFOiFBFdsw/orders",
	"location": "https://acme.zerossl.com/v2/DV90/account/fQkHSnZ0Em_ToFOiFBFdsw"
}